{
  "hash": "4b713cc5",
  "configHash": "7b9a96c1",
  "lockfileHash": "52023a68",
  "browserHash": "c38eb03d",
  "optimized": {
    "@angular/common": {
      "src": "../../../../../../node_modules/@angular/common/fesm2022/common.mjs",
      "file": "@angular_common.js",
      "fileHash": "89925a7a",
      "needsInterop": false
    },
    "@angular/core": {
      "src": "../../../../../../node_modules/@angular/core/fesm2022/core.mjs",
      "file": "@angular_core.js",
      "fileHash": "2401dc82",
      "needsInterop": false
    },
    "@angular/forms": {
      "src": "../../../../../../node_modules/@angular/forms/fesm2022/forms.mjs",
      "file": "@angular_forms.js",
      "fileHash": "4a19332b",
      "needsInterop": false
    },
    "@angular/platform-browser": {
      "src": "../../../../../../node_modules/@angular/platform-browser/fesm2022/platform-browser.mjs",
      "file": "@angular_platform-browser.js",
      "fileHash": "f14ce7e7",
      "needsInterop": false
    },
    "@angular/router": {
      "src": "../../../../../../node_modules/@angular/router/fesm2022/router.mjs",
      "file": "@angular_router.js",
      "fileHash": "b8357543",
      "needsInterop": false
    }
  },
  "chunks": {
    "chunk-OXES457P": {
      "file": "chunk-OXES457P.js"
    },
    "chunk-QKYRAN75": {
      "file": "chunk-QKYRAN75.js"
    },
    "chunk-HX7NS2B6": {
      "file": "chunk-HX7NS2B6.js"
    }
  }
}