{
  "hash": "ff4fb9a2",
  "configHash": "ec0b94d7",
  "lockfileHash": "52023a68",
  "browserHash": "d0957bce",
  "optimized": {
    "@angular/core": {
      "src": "../../../../../../node_modules/@angular/core/fesm2022/core.mjs",
      "file": "@angular_core.js",
      "fileHash": "25aa2be5",
      "needsInterop": false
    },
    "@angular/forms": {
      "src": "../../../../../../node_modules/@angular/forms/fesm2022/forms.mjs",
      "file": "@angular_forms.js",
      "fileHash": "faa1a825",
      "needsInterop": false
    },
    "@angular/platform-browser": {
      "src": "../../../../../../node_modules/@angular/platform-browser/fesm2022/platform-browser.mjs",
      "file": "@angular_platform-browser.js",
      "fileHash": "eaf81fb9",
      "needsInterop": false
    },
    "@angular/platform-server": {
      "src": "../../../../../../node_modules/@angular/platform-server/fesm2022/platform-server.mjs",
      "file": "@angular_platform-server.js",
      "fileHash": "1423001e",
      "needsInterop": false
    },
    "@angular/router": {
      "src": "../../../../../../node_modules/@angular/router/fesm2022/router.mjs",
      "file": "@angular_router.js",
      "fileHash": "fca88c16",
      "needsInterop": false
    },
    "@angular/ssr": {
      "src": "../../../../../../node_modules/@angular/ssr/fesm2022/ssr.mjs",
      "file": "@angular_ssr.js",
      "fileHash": "3928e198",
      "needsInterop": false
    },
    "@angular/ssr/node": {
      "src": "../../../../../../node_modules/@angular/ssr/fesm2022/node.mjs",
      "file": "@angular_ssr_node.js",
      "fileHash": "b5d30ae8",
      "needsInterop": false
    },
    "express": {
      "src": "../../../../../../node_modules/express/index.js",
      "file": "express.js",
      "fileHash": "816fb1a7",
      "needsInterop": true
    },
    "@angular/common": {
      "src": "../../../../../../node_modules/@angular/common/fesm2022/common.mjs",
      "file": "@angular_common.js",
      "fileHash": "52db6f09",
      "needsInterop": false
    }
  },
  "chunks": {
    "xhr2-GQGQZVNL": {
      "file": "xhr2-GQGQZVNL.js"
    },
    "chunk-XH6SE3JA": {
      "file": "chunk-XH6SE3JA.js"
    },
    "chunk-FL3G43WH": {
      "file": "chunk-FL3G43WH.js"
    },
    "chunk-EZLKYY23": {
      "file": "chunk-EZLKYY23.js"
    },
    "chunk-LJYPZHTY": {
      "file": "chunk-LJYPZHTY.js"
    },
    "chunk-KPSRSBLP": {
      "file": "chunk-KPSRSBLP.js"
    },
    "chunk-FCNDCNNT": {
      "file": "chunk-FCNDCNNT.js"
    },
    "chunk-YHCV7DAQ": {
      "file": "chunk-YHCV7DAQ.js"
    }
  }
}